"census_block_group","total_population","american_indian_alaska_native","asian","black_african_american","hispanic_latino","native_hawaiian_pacific_islander","white","other_race","two_or_more_races","dissimilarity","interaction"
"440010301001",1555,0,79,27,59,0,1316,6,68,0.772036474164134,0.715769073505205
"440010301002",867,0,37,8,17,0,778,0,27,0.879177377892031,0.715948802541544
"440010301003",1287,0,30,10,36,0,1159,2,50,0.84641932700604,0.864999787112393
"440010301004",1092,0,41,21,47,0,926,6,51,0.605625835647434,0.793240339833943
"440010302001",1161,4,78,10,51,0,958,7,53,0.8580375782881,0.713748136227013
"440010302002",1377,0,86,16,65,0,1136,6,68,0.709507042253521,0.82217052660601
"440010302003",1042,0,121,15,42,0,796,0,68,0.712311557788945,0.684124934406199
"440010303001",1426,0,109,15,51,0,1189,6,56,0.672610036445192,0.876497115454152
"440010303002",1787,0,88,12,58,0,1545,1,83,0.803236245954693,0.654826851262208
"440010303003",1562,0,70,6,56,0,1374,6,50,0.791848617176128,0.94259429314396
"440010304001",1154,0,45,1,38,0,1025,4,41,0.951219512195122,0.847457627118644
"440010304002",1636,0,81,6,53,0,1405,4,87,0.80711743772242,0.859956377467898
"440010304003",1207,1,59,3,50,0,1029,6,59,0.885325558794947,0.759784327009937
"440010305001",829,7,15,15,46,0,713,1,32,0.507713884992987,0.849860158177327
"440010305002",1192,3,12,48,56,0,999,12,62,0.430492992992993,0.837304668793719
"440010305003",1453,6,15,28,47,0,1273,11,73,0.554595443833464,0.871010639719481
"440010306011",931,0,5,14,36,0,832,3,41,0.748798076923077,0.855518394648829
"440010306012",1365,0,25,8,32,0,1253,2,45,0.857940941739824,0.873513841727976
"440010306013",1257,1,9,13,18,0,1155,0,61,0.62970362970363,0.87949129874777
"440010306021",1191,3,16,9,29,0,1074,12,48,0.880819366852886,0.840487020019184
"440010306022",1000,4,7,19,35,0,909,1,25,0.684268426842684,0.809103711833193
"440010306023",1306,1,13,11,45,0,1190,3,43,0.792436974789916,0.883349385869227
"440010306024",623,0,7,11,17,0,570,0,18,0.64066985645933,0.706870047210296
"440010307001",927,2,12,16,50,1,817,1,28,0.450198898408813,0.84278656155634
"440010307002",999,1,2,29,69,0,857,3,38,0.405423892487828,0.842758012144954
"440010307003",811,2,15,8,32,0,712,1,41,0.633426966292135,0.86131965298632
"440010307004",1115,4,15,17,53,0,985,1,40,0.728993729471484,0.79564215316129
"440010308001",2034,4,18,29,60,0,1872,6,45,0.509744326554671,0.91186973789246
"440010308002",786,1,11,8,35,0,700,1,30,0.744285714285714,0.843553309174137
"440010308003",2770,31,34,208,263,0,2112,0,122,0.21379662004662,0.725125406993401
"440010309011",1897,2,12,3,54,0,1754,12,60,0.885404789053592,0.96046176046176
"440010309012",2680,1,26,18,69,0,2468,16,82,0.905186385737439,0.87908249345031
"440010309013",1508,3,12,12,48,0,1395,2,36,0.577777777777778,0.936269815937866
"440010309021",1385,0,10,7,53,0,1267,4,44,0.846882399368587,0.793732103230903
"440010309022",1812,0,24,9,40,0,1684,11,44,0.938242280285036,0.798531437750453
"440010309023",1299,0,19,1,47,0,1208,3,21,0.992549668874172,0.692307692307692
"440010309024",2470,4,21,41,86,0,2236,9,73,0.679239931934203,0.806410244069074
"440030201011",2593,1,114,65,110,0,2180,11,112,0.534932956951306,0.751476890318458
"440030201012",1555,3,45,22,141,2,1258,9,75,0.759936406995231,0.693577385150516
"440030201013",1219,1,58,22,121,0,963,1,53,0.391626545832153,0.811975147739199
"440030201014",1490,1,56,22,105,0,1238,9,59,0.429284770157145,0.795713165653548
"440030201021",1604,0,52,38,121,0,1331,6,56,0.62572660049824,0.763870157222816
"440030201022",1378,8,61,49,150,0,1005,12,93,0.474525332521068,0.656412112287746
"440030201023",2066,5,50,47,149,0,1689,36,90,0.744932794175075,0.706109401730059
"440030202001",1774,6,54,63,157,1,1392,7,94,0.430589764641489,0.741589165152054
"440030202002",1432,8,25,34,162,0,1143,2,58,0.483531470330915,0.729614176967078
"440030202003",1906,9,38,36,145,2,1542,5,129,0.739515780371812,0.740846326001799
"440030203001",863,4,16,36,86,0,682,5,34,0.485500162919518,0.731535906584044
"440030203002",1594,11,20,57,126,0,1280,20,80,0.471641995614035,0.735844061069192
"440030203003",1281,6,34,39,125,1,980,9,87,0.48749345892203,0.755240836329696
"440030203004",1079,7,14,29,166,0,781,0,82,0.538390215903572,0.689172457218226
"440030203005",1401,18,20,39,111,0,1129,2,82,0.499784242919761,0.780374474008949
"440030204001",714,2,6,11,68,0,585,5,37,0.555244755244755,0.754059268454726
"440030204002",921,3,10,17,72,1,794,0,24,0.505778633871685,0.845403433820566
"440030204003",1628,6,16,46,208,0,1263,5,84,0.482030362490964,0.689133168440053
"440030205001",1502,1,53,38,121,1,1212,8,68,0.665363904811534,0.696076732590016
"440030205002",3012,19,76,97,230,1,2426,17,146,0.5506667459906,0.745952545806189
"440030206011",1613,5,21,40,62,0,1420,10,55,0.679577464788732,0.765538476136062
"440030206012",1586,7,30,20,76,0,1368,10,75,0.811111111111111,0.75755047263792
"440030206013",1578,2,26,11,32,0,1420,9,78,0.602816901408451,0.899570489331862
"440030206014",1654,1,12,9,61,0,1520,4,47,0.686184210526316,0.830858826787736
"440030206021",1819,8,24,15,83,0,1639,4,46,0.790115924344112,0.772701060182907
"440030206022",1693,3,27,13,60,1,1503,10,76,0.726137468652439,0.825413458973742
"440030206031",2445,8,45,11,91,1,2195,5,89,0.904328018223235,0.809308478557869
"440030206032",1114,4,14,13,44,1,974,4,60,0.725872689938398,0.823087283606218
"440030206033",1356,1,23,13,30,3,1245,4,37,0.72548656163114,0.8602766933285
"440030206034",1876,1,60,23,50,0,1665,0,77,0.713278495887191,0.816381969207475
"440030206041",1690,9,29,19,88,0,1465,2,78,0.709825758936591,0.867763479360605
"440030206042",1161,3,8,26,75,0,963,3,83,0.578360891445004,0.79125340836161
"440030206043",2590,2,27,20,96,0,2345,6,94,0.659594882729211,0.893431672935918
"440030207011",1894,0,23,9,46,1,1758,1,56,0.866325369738339,0.770257208551651
"440030207021",1712,1,9,2,46,0,1577,15,62,0.928979074191503,0.949152542372881
"440030207022",2883,4,17,20,72,0,2662,6,102,0.792186326070624,0.804183390631985
"440030207031",2910,0,21,24,79,0,2663,15,108,0.855801727375141,0.769916715229215
"440030207032",1343,3,9,12,47,0,1223,4,45,0.737530662305805,0.866626649820652
"440030207033",2771,1,33,11,91,0,2522,9,104,0.867961934972244,0.88769788975817
"440030208001",1916,5,119,24,52,0,1625,15,76,0.48774358974359,0.818612933872571
"440030208002",2422,4,23,13,49,0,2207,12,114,0.849116447666516,0.779431999624307
"440030208003",2190,3,39,14,47,0,1996,12,79,0.839178356713427,0.742079542969688
"440030209011",1385,3,41,38,106,1,1128,1,67,0.593038447181784,0.748347875823997
"440030209012",925,1,51,6,36,0,811,0,20,0.82367447595561,0.804097536450478
"440030209013",1281,2,11,3,41,1,1190,0,33,0.953781512605042,0.88047138047138
"440030209031",2858,0,182,28,115,0,2394,15,124,0.815789473684211,0.760550812453982
"440030209032",1549,0,146,16,84,1,1214,9,79,0.799835255354201,0.749456931567731
"440030209033",2469,1,171,21,92,0,2063,12,109,0.809985458070771,0.64286033396794
"440030209041",1978,1,98,26,74,0,1692,3,84,0.813238770685579,0.723310466074998
"440030209042",1867,0,123,6,47,0,1634,16,41,0.936352509179927,0.873737373737374
"440030210011",1275,3,44,29,176,0,939,5,79,0.6335059307407,0.664794962735094
"440030210012",1146,0,37,25,95,0,921,6,62,0.53328990228013,0.81595394340534
"440030210021",1106,3,25,22,84,1,937,0,34,0.671291355389541,0.795515765398124
"440030210022",1296,0,10,18,42,0,1168,3,55,0.61910197869102,0.869562485506036
"440030210023",2284,3,79,34,198,0,1850,8,112,0.697170111287758,0.710033567791985
"440030211001",1738,4,86,65,202,2,1265,12,102,0.572757677105503,0.654857742088627
"440030211002",1336,4,32,35,112,0,1079,4,70,0.687991526545743,0.587273490254326
"440030211003",1296,1,42,36,92,0,1068,7,50,0.581772784019975,0.756961781831758
"440030211004",1010,10,38,42,91,0,771,7,51,0.556234945340004,0.726118315346209
"440030212001",1377,6,16,33,93,0,1182,2,45,0.638209506229811,0.832160841609371
"440030212002",2280,6,68,90,185,0,1819,16,96,0.513291796469367,0.770961016521823
"440030213001",995,0,5,7,19,0,927,3,34,0.929881337648328,0.7300217384251
"440030213002",1587,1,9,22,57,0,1470,2,26,0.671428571428571,0.874868709036242
"440030213003",830,0,20,16,48,0,722,0,24,0.825484764542936,0.762612624643875
"440030213004",1212,1,6,17,47,0,1112,0,29,0.761320355480322,0.868850050999086
"440030214011",1887,0,41,38,132,0,1608,2,66,0.542321288295365,0.827451718535933
"440030214012",1005,2,33,13,48,0,871,4,34,0.599311136624569,0.799873044262267
"440030214013",1171,1,38,18,94,0,960,8,52,0.693402777777778,0.785994882794062
"440030214021",1861,5,43,49,131,0,1543,2,88,0.633512769981615,0.73900584051923
"440030214022",790,6,23,10,46,0,662,2,41,0.753776435045317,0.773016208225543
"440030214023",1231,1,28,24,77,0,1034,5,62,0.697050290135397,0.718471254011366
"440030215011",841,1,13,20,73,0,680,10,44,0.616176470588235,0.777359572867953
"440030215012",1075,4,39,23,91,0,879,3,36,0.748577929465301,0.702533423210875
"440030215013",822,4,26,19,52,0,693,0,28,0.601048074732285,0.811890762016761
"440030215014",661,1,17,9,34,0,568,5,27,0.815140845070423,0.84148731526964
"440030215021",980,4,5,16,81,0,828,5,41,0.736714975845411,0.763782649253731
"440030215022",1003,2,32,16,56,0,839,0,58,0.797377830750894,0.809462493905429
"440030215023",1287,2,34,31,64,0,1098,5,53,0.635701275045537,0.762323354045315
"440030215024",942,1,11,10,57,1,806,6,50,0.799007444168734,0.586869883399795
"440030216001",870,0,19,11,27,1,781,1,30,0.878361075544174,0.649202016046936
"440030216002",700,0,12,8,6,0,643,0,31,0.763608087091757,0.809268496838486
"440030217001",1090,4,40,19,75,0,890,3,59,0.603725606150207,0.760653246364603
"440030217002",816,3,22,16,63,0,660,1,51,0.672727272727273,0.723628942538194
"440030217003",1035,3,15,21,58,0,880,5,53,0.68771645021645,0.789205144384848
"440030217004",959,4,23,31,82,0,756,1,62,0.759259259259259,0.687189557754074
"440030217005",1027,2,11,9,68,1,890,3,43,0.787640449438202,0.800671894578017
"440030218001",2591,5,84,39,164,0,2180,16,103,0.656516113855563,0.716798631042082
"440030218002",1484,7,55,27,90,4,1239,5,57,0.718410904851583,0.828809511346035
"440030219011",730,5,17,7,47,0,614,5,35,0.868078175895765,0.677938440869475
"440030219012",1153,3,17,13,53,0,996,13,58,0.732931726907631,0.755056972281802
"440030219013",1269,3,29,18,75,0,1084,1,59,0.72560475604756,0.663834785403413
"440030219021",1001,1,37,24,60,0,835,12,32,0.637125748502994,0.739144810293879
"440030219022",957,1,24,27,61,0,799,5,40,0.505400268854587,0.802046686512181
"440030219023",720,0,23,9,62,0,587,8,31,0.775127768313458,0.745641912259338
"440030219031",1608,11,57,45,87,0,1330,6,72,0.491645781119465,0.781239257206602
"440030219032",2280,1,38,21,84,0,2050,7,79,0.705365853658537,0.874870056291812
"440030220001",1406,1,16,14,43,0,1299,7,26,0.827559661277906,0.807322332436314
"440030220002",2041,5,41,32,86,0,1780,6,91,0.618258426966292,0.817956055181894
"440030221001",2522,1,92,34,113,0,2196,9,77,0.776411657559198,0.753527002950966
"440030221002",922,1,22,9,34,0,823,7,26,0.771567436208991,0.848955083611856
"440030221003",1207,0,28,19,59,2,1052,12,35,0.716379827896738,0.821769933481893
"440030221004",937,0,14,4,28,0,845,7,39,0.905325443786982,0.887442528735632
"440030222011",1354,0,57,30,62,0,1156,7,42,0.695040369088812,0.763967082140539
"440030222012",1525,1,52,8,42,0,1367,12,43,0.858814923189466,0.870278471232425
"440030222013",1450,0,50,5,51,0,1291,7,46,0.909372579395817,0.868190476190476
"440030222014",810,2,28,7,57,0,690,8,18,0.748447204968944,0.746586910626319
"440030222015",1540,1,97,52,105,0,1238,5,42,0.30933888405617,0.773631697805724
"440030222021",1428,0,110,54,41,0,1184,6,33,0.241929429429429,0.81960953174249
"440030222022",2484,0,203,44,163,1,1965,15,93,0.537763127457784,0.714202166256638
"440030223001",769,3,35,17,44,0,626,6,38,0.712460063897764,0.710651192088029
"440030223002",1226,7,39,41,122,0,956,8,53,0.635039289723441,0.67853703508072
"440030223003",882,2,183,30,77,0,547,12,31,0.173004265691651,0.561183430397751
"440030223004",1423,5,41,25,97,0,1165,15,75,0.650128755364807,0.773127222470314
"440030224001",1058,1,9,17,18,0,985,2,26,0.743206927441027,0.824262058508098
"440030224002",1225,3,10,2,38,0,1129,7,36,0.847652790079717,0.835416666666667
"440039800001",0,0,0,0,0,0,0,0,0,NA,0
"440050401011",1204,6,10,14,55,0,1053,4,62,0.890788224121557,0.718345067774676
"440050401012",1781,2,24,26,74,0,1583,6,66,0.723941882501579,0.858944294142907
"440050401013",1989,5,15,39,69,0,1793,2,66,0.714459364766113,0.775297757488393
"440050401021",1576,4,32,12,58,0,1409,12,49,0.901348474095103,0.76097657972658
"440050401022",1611,5,29,11,36,0,1451,10,69,0.902825637491385,0.651169610584464
"440050401023",2781,4,28,21,71,4,2505,15,133,0.834730538922156,0.77850388720441
"440050401041",2169,0,75,57,113,2,1779,6,137,0.686074376497737,0.641790788664813
"440050401042",2887,1,61,55,119,2,2518,9,122,0.679059859917684,0.781777622062739
"440050401051",21,0,0,0,0,0,21,0,0,NA,0
"440050401052",231,0,0,2,3,0,213,3,10,0.938967136150235,0.85
"440050401053",1621,5,28,36,50,0,1449,4,49,0.640269151138716,0.785930341843544
"440050402001",1611,6,117,188,256,7,883,38,116,0.241096600081926,0.537416579959522
"440050402002",1,0,0,0,0,0,0,1,0,NA,0
"440050403021",1379,4,41,74,88,10,1047,13,102,0.462195720075376,0.687850936188287
"440050403022",1236,1,17,33,100,0,1006,15,64,0.650671727212483,0.638751690592196
"440050403031",623,0,24,42,97,2,417,1,40,0.141144227475163,0.668844675336409
"440050403032",2072,4,104,199,232,0,1347,33,153,0.472626682036761,0.575587786939423
"440050403033",653,4,51,24,61,0,455,10,48,0.356410256410256,0.75146087126371
"440050403041",1738,1,54,39,109,1,1401,11,122,0.587712073793444,0.742301448285815
"440050403042",1602,15,42,110,192,0,1110,27,106,0.417936117936118,0.608444488117434
"440050404001",2206,2,36,13,78,0,1988,12,77,0.869215291750503,0.780368647468134
"440050404002",2102,2,49,33,70,0,1843,11,94,0.589749913678291,0.832373733899377
"440050404003",1852,4,34,51,70,0,1614,10,69,0.684051315693564,0.766058546452147
"440050405001",2007,80,50,308,586,0,713,25,245,0.348436276206262,0.313906858823193
"440050405002",1640,25,15,148,254,1,1023,26,148,0.54705291802066,0.439880550269541
"440050405003",762,1,11,33,113,0,565,1,38,0.368624296057924,0.703528139803493
"440050406001",1458,2,30,54,125,0,1160,8,79,0.479533844189017,0.708663177549548
"440050406002",640,0,7,28,124,0,425,8,48,0.502268907563025,0.586814500328824
"440050406003",1326,1,17,38,364,0,801,22,83,0.521453446349957,0.521865426163831
"440050406004",1326,9,28,168,224,0,759,19,119,0.297124976472803,0.547562325811635
"440050407001",1366,0,23,30,57,0,1183,13,60,0.752803606649761,0.768914888852428
"440050407002",1077,3,13,16,66,0,932,6,41,0.821888412017167,0.639356678768992
"440050407003",767,0,11,13,73,0,632,11,27,0.502190847127556,0.796364071110972
"440050408001",1204,12,15,74,80,0,914,34,75,0.576349872848779,0.656066125474188
"440050408002",658,0,5,20,36,0,569,3,25,0.509841827768014,0.807598485257261
"440050408003",794,10,6,11,29,0,713,0,25,0.541374474053296,0.760739154425801
"440050409001",2431,0,42,47,157,0,2120,12,53,0.554887595343236,0.845937424008291
"440050409002",2465,2,24,53,162,0,2126,14,84,0.644873000940734,0.775568394242689
"440050410001",536,0,3,25,33,0,442,3,30,0.512036199095023,0.653008403129794
"440050410002",1493,5,21,29,66,0,1299,7,66,0.450213692230097,0.851142269384054
"440050411001",0,0,0,0,0,0,0,0,0,NA,0
"440050411002",857,2,19,61,142,1,559,7,66,0.751664271679521,0.345247004327045
"440050411003",622,0,5,6,20,0,577,2,12,0.861351819757366,0.745837495837496
"440050412001",1734,16,93,210,264,11,1012,17,111,0.271023903632599,0.549153059826174
"440050413001",1259,1,14,7,27,0,1169,6,35,0.76732249786142,0.908571428571428
"440050413002",777,0,11,5,20,0,716,6,19,0.860335195530726,0.875046113306983
"440050413003",951,0,7,3,15,0,894,1,31,0.95413870246085,0.531746031746032
"440050413004",1185,0,8,7,40,0,1096,3,31,0.923357664233577,0.693310928837245
"440050413005",1387,6,3,17,24,0,1299,5,33,0.754879318933116,0.850382770431229
"440050414001",1048,0,5,7,27,1,976,4,28,0.940573770491803,0.634100448690114
"440050414002",1442,0,6,0,17,0,1370,7,42,NA,0
"440050414003",1126,0,3,1,21,0,1056,9,36,0.979166666666667,0.647058823529412
"440050416011",1825,5,16,29,96,2,1599,8,70,0.684091350197322,0.814024853086565
"440050416012",1330,1,30,14,61,2,1174,1,47,0.700170357751278,0.808532586878452
"440050416021",1208,0,10,11,30,0,1108,2,47,0.911552346570397,0.657803848812252
"440050416022",1873,0,25,8,34,0,1753,0,53,0.725042783799201,0.936649082936835
"440050416023",1573,0,20,24,29,0,1441,11,48,0.730048577376822,0.786846273453764
"440050417011",1624,3,15,11,38,0,1490,3,64,0.85503355704698,0.771145218417946
"440050417012",1722,2,16,18,30,2,1590,7,57,0.713626834381551,0.82027517264845
"440050417021",2174,0,13,22,40,0,1980,13,106,0.700505050505051,0.787459886885526
"440050417022",2005,2,20,10,49,1,1843,19,61,0.916440586001085,0.850915839062898
"440050417023",1025,2,12,0,18,0,951,3,39,NA,0
"440059900000",0,0,0,0,0,0,0,0,0,NA,0
"440070001011",1355,7,21,208,516,0,500,15,88,0.262269230769231,0.362906351121074
"440070001012",719,0,19,87,269,0,278,19,47,0.395228644670471,0.379981302865974
"440070001013",1317,15,62,219,560,0,377,29,55,0.249651781064157,0.279948112132598
"440070001014",1180,8,24,166,661,0,255,18,48,0.416560359083392,0.203913959605059
"440070001021",1136,2,59,133,793,0,93,5,51,0.388471177944862,0.0707873437200149
"440070001022",1320,1,30,166,794,0,251,15,63,0.393462295396726,0.1663123507101
"440070001023",1561,2,47,207,1021,0,222,14,48,0.286068677373025,0.14019052601433
"440070001024",1510,17,193,144,829,0,278,7,42,0.357663868904876,0.179111316646305
"440070002001",1610,6,46,184,1068,1,272,9,24,0.519181585677749,0.145191114704486
"440070002002",1153,3,53,144,624,0,298,6,25,0.400074571215511,0.258950493384949
"440070002003",1075,8,37,130,842,0,34,4,20,0.20316742081448,0.0474395390756216
"440070002004",1271,2,107,105,957,1,57,5,37,0.310275689223058,0.0592215158422771
"440070002005",1848,20,97,204,1318,0,124,35,50,0.278462998102467,0.0778844103883674
"440070003011",1610,13,93,333,965,0,123,21,62,0.547498718230426,0.0610437777126489
"440070003012",1003,5,23,94,791,1,58,12,19,0.446074834922964,0.0654537358815463
"440070003021",754,6,43,139,464,0,77,3,22,0.26908343455106,0.107364860762996
"440070003022",1336,13,48,199,883,0,129,10,54,0.204082427642086,0.109455510808573
"440070003023",963,4,86,155,528,0,144,17,29,0.240994623655914,0.144640141605118
"440070003024",1675,8,50,241,1196,0,125,13,42,0.535601659751037,0.055004813549533
"440070004001",982,10,64,294,522,2,35,8,47,0.437414965986395,0.0357074345205188
"440070004002",964,4,45,139,677,3,38,16,42,0.669632714880727,0.0284757979412032
"440070004003",926,1,19,105,736,1,37,7,20,0.480566280566281,0.0359898650474098
"440070004004",1186,7,16,178,869,3,79,3,31,0.517991750817807,0.0745530030741787
"440070005001",1219,22,53,310,709,0,48,24,53,0.499865591397849,0.0424169977066574
"440070005002",772,8,18,89,594,2,25,6,30,0.492584269662921,0.0287653289400254
"440070005003",1296,20,21,204,959,0,37,27,28,0.489798622151563,0.0338395494689581
"440070006001",733,0,149,68,206,0,256,12,42,0.317325367647059,0.385297031026201
"440070006002",1513,13,36,334,945,2,109,22,52,0.626929626984563,0.0503106322476639
"440070007001",519,3,1,130,294,0,64,8,19,0.589423076923077,0.0925730149246135
"440070007002",1576,27,27,439,548,0,422,22,91,0.657990478143994,0.15669693031611
"440070007003",619,7,20,149,284,0,108,0,51,0.618568232662192,0.118907635863673
"440070008001",2024,9,390,119,194,1,1199,24,88,0.423286912763437,0.543700526934838
"440070008002",1124,16,69,164,490,0,322,10,53,0.278594152401151,0.277435623840169
"440070008003",1498,9,177,163,197,3,877,0,72,0.330924582549265,0.527540104361084
"440070009001",1298,5,48,123,349,3,697,13,60,0.343854615016738,0.502804562485044
"440070009002",952,9,33,87,226,0,535,10,52,0.357310129981738,0.521154080594203
"440070010001",1357,5,39,116,413,0,703,15,66,0.334723107862854,0.47752701115083
"440070010002",1227,1,19,183,540,0,416,5,63,0.332965531736024,0.31393490707356
"440070011001",1050,1,60,62,150,0,698,12,67,0.419909418615399,0.622687984140544
"440070011002",755,3,45,67,141,0,445,3,51,0.459936273687741,0.535435095986214
"440070011003",797,1,44,42,145,0,528,1,36,0.357954545454545,0.639821372042905
"440070012001",1275,6,20,162,876,0,186,4,21,0.675627240143369,0.107381323340136
"440070012002",911,1,22,131,381,1,330,7,38,0.5529262086514,0.240851541101374
"440070012003",1239,4,90,177,681,0,196,19,72,0.457310042661132,0.156194611225835
"440070013001",853,2,35,36,199,0,539,6,36,0.178726035868893,0.629250957514265
"440070013002",1056,0,44,50,439,0,461,5,57,0.43704989154013,0.386688129448673
"440070013003",1288,3,175,84,905,0,92,2,27,0.330227743271222,0.0687893182215438
"440070013004",1099,2,87,119,600,0,246,9,36,0.619457539113206,0.154834845123199
"440070014001",1347,6,92,209,927,0,71,11,31,0.16483590538446,0.0599210906948188
"440070014002",1686,11,174,222,1199,0,54,8,18,0.360860860860861,0.0277895915269411
"440070014003",969,7,79,74,728,0,39,12,30,0.38011088011088,0.0388943523991778
"440070014004",1709,10,146,208,1197,1,74,28,45,0.421127858627859,0.0453223850658448
"440070014005",1238,9,171,125,803,0,104,6,20,0.172384615384615,0.113028509263187
"440070015001",1119,0,187,114,590,0,190,16,22,0.436842105263158,0.171652657137804
"440070015002",937,1,125,97,505,0,167,13,29,0.207358478918452,0.184887604825659
"440070015003",880,5,73,116,412,0,231,16,27,0.266271085236602,0.26570835212521
"440070016011",749,1,16,35,596,0,79,0,22,0.35370705244123,0.149508959610298
"440070016012",1548,7,48,181,1127,0,131,8,46,0.450550377461937,0.0757768129653476
"440070016013",897,0,29,67,697,0,78,10,16,0.336394948335247,0.084439677364129
"440070016021",1430,0,38,82,1192,0,95,15,8,0.440821566110398,0.0627130628502204
"440070016022",1065,4,52,119,795,0,80,3,12,0.263655462184874,0.0761310859078428
"440070016023",1527,1,33,88,1213,0,144,13,35,0.32449494949495,0.0969154263076234
"440070016024",1597,0,41,120,1266,0,141,2,27,0.280851063829787,0.0997839387759524
"440070017001",1179,1,28,91,875,1,145,7,31,0.397877984084881,0.132019729297723
"440070017002",1255,7,37,58,885,1,227,10,30,0.473416375512684,0.159340432284557
"440070017003",1937,17,49,155,1441,0,219,22,34,0.382000294594196,0.110110833818669
"440070018001",1161,10,42,98,702,0,252,21,36,0.298185941043084,0.236416992525464
"440070018002",1666,22,64,212,1135,0,183,7,43,0.36351685740798,0.112775984024798
"440070018003",909,3,9,151,699,0,26,4,17,0.497707590422822,0.0291025046631802
"440070018004",1209,7,35,72,964,0,101,14,16,0.40525302530253,0.0730558169999032
"440070018005",1285,3,82,108,895,1,174,8,14,0.286079182630907,0.142769093247388
"440070018006",1376,2,64,114,720,0,396,14,66,0.500531632110579,0.270298974658129
"440070019001",718,6,24,66,454,1,143,8,16,0.41025641025641,0.22151223014248
"440070019002",1096,4,19,112,745,3,182,3,28,0.54739010989011,0.16715570486088
"440070019003",1072,8,19,166,673,1,129,5,71,0.17605304940693,0.131937655999848
"440070019004",667,0,20,91,458,0,71,3,24,0.440798637981737,0.0912635091826792
"440070019005",1314,8,37,148,940,0,114,19,48,0.363205310573732,0.0818049503402757
"440070019006",1380,13,43,164,828,1,256,9,66,0.478467987804878,0.172436940366283
"440070020001",2652,13,138,400,1575,0,388,23,115,0.443350515463918,0.140435967805777
"440070020002",3917,18,94,590,1417,0,1557,37,204,0.378992630329948,0.347309075351371
"440070021011",784,2,21,112,406,0,196,8,39,0.322704081632653,0.232029625125394
"440070021012",932,9,40,157,294,0,356,25,51,0.392793244113648,0.331632672086207
"440070021013",1074,8,6,146,595,0,268,9,42,0.242179513391944,0.24390659424354
"440070021021",852,5,36,104,488,0,181,9,29,0.298820654483638,0.204581872582819
"440070021022",976,3,41,133,642,0,109,13,35,0.302959232944747,0.115308348856412
"440070021023",2310,14,45,281,1595,0,268,37,70,0.308413448770383,0.107269936069108
"440070021024",1579,9,48,283,951,0,233,10,45,0.40175010236734,0.132005646322856
"440070021025",728,7,23,115,393,0,168,2,20,0.403571428571429,0.202833370676991
"440070022001",1410,7,49,187,952,0,171,8,36,0.327110110391844,0.128698909545954
"440070022002",1040,5,46,146,698,0,94,5,46,0.477703293500437,0.0701527731683603
"440070022003",1401,2,58,227,928,0,135,7,44,0.340675477239354,0.0964314880854515
"440070022004",1365,3,43,161,916,0,164,11,67,0.188304802302681,0.128962220640653
"440070023001",1382,4,28,148,355,0,776,6,65,0.353963499582056,0.491797114758103
"440070023002",1210,6,29,176,347,0,592,9,51,0.418765356265356,0.422454488799984
"440070023003",749,2,19,103,351,0,237,8,29,0.203637704313629,0.323597361865812
"440070023004",681,2,26,33,159,0,417,4,40,0.516241552212775,0.491141402019089
"440070023005",825,4,11,76,120,0,573,3,38,0.449963258932672,0.605207834163479
"440070023006",750,2,33,80,172,0,406,4,53,0.385467980295567,0.510461981047759
"440070024001",2099,0,50,42,161,2,1764,14,66,0.114512471655329,0.830876061483186
"440070024002",1211,0,16,146,291,0,698,11,49,0.411685049260117,0.488202049174433
"440070024003",989,0,10,70,121,0,765,2,21,0,0.773508594539939
"440070024004",1728,2,44,156,391,0,1065,4,66,0.434958468761286,0.501895497653591
"440070024005",1170,3,43,93,288,0,654,11,78,0.396221761862484,0.521674904944288
"440070024006",1084,1,20,90,184,0,719,17,53,0.374486169061969,0.607293056340795
"440070025001",1461,7,144,206,646,0,334,23,101,0.422446369397128,0.18698652950832
"440070025002",1568,1,200,127,325,1,822,13,79,0.429699024848171,0.437591853923034
"440070025003",1067,1,133,84,109,0,656,9,75,0.20811556329849,0.613489741818657
"440070026001",1407,8,107,242,707,0,242,18,83,0.227272727272727,0.177050598954995
"440070026002",880,7,62,144,433,0,165,10,59,0.406313131313131,0.149734191325089
"440070026003",1326,15,77,301,601,0,242,21,69,0.498846819142802,0.139138931374235
"440070027001",1138,14,42,249,441,0,325,15,52,0.509063948100093,0.205448256565596
"440070027002",1029,1,28,235,483,1,209,19,53,0.247073195561437,0.194832998519251
"440070027003",1732,12,47,286,1199,3,118,15,52,0.391134289439374,0.0789734926241632
"440070027004",826,9,22,185,293,0,268,4,45,0.268152480839048,0.322803142834742
"440070028011",2234,21,59,593,914,1,458,51,137,0.366090561647165,0.18022914524946
"440070028012",1475,15,21,307,638,3,363,34,94,0.23619673190298,0.241099986636395
"440070028021",1630,17,38,262,650,0,541,30,92,0.421498215066812,0.271745290516598
"440070028022",1279,4,40,337,559,0,275,25,39,0.20700296735905,0.215975362730039
"440070029001",1313,8,24,199,399,0,536,70,77,0.335258381459536,0.364853165735319
"440070029002",1033,9,59,193,370,0,309,28,65,0.339688448446434,0.266989850634671
"440070029003",1829,11,29,324,866,0,414,34,151,0.258722490606549,0.217988780121194
"440070029004",1112,7,9,199,427,0,378,36,56,0.174230943075164,0.353441392436232
"440070029005",2221,5,69,460,772,0,736,52,127,0.389130434782609,0.274192025727656
"440070031001",969,5,65,87,84,0,597,31,100,0.330965170680991,0.571279146814372
"440070031002",874,8,28,176,216,0,310,35,101,0.230315249266862,0.333501438880252
"440070031003",904,21,44,146,181,0,457,0,55,0.401876442552681,0.431994071120599
"440070031004",1595,2,165,156,202,0,907,53,110,0.632622339072174,0.339013432788655
"440070032001",693,0,25,13,38,0,573,9,35,0.392267418445429,0.807243449332625
"440070032002",878,0,55,50,96,0,610,13,54,0.53016393442623,0.551592698913234
"440070032003",779,3,49,53,48,0,561,8,57,0.454074597248848,0.647898771175591
"440070032004",990,2,23,137,173,2,493,46,114,0.334359870301002,0.46272241009547
"440070033001",1456,3,91,62,87,3,1103,17,90,0.506697277220484,0.682725605702361
"440070033002",887,0,46,47,36,2,688,23,45,0.369278822365166,0.715259174503316
"440070033003",1227,0,48,57,83,0,929,14,96,0.421222593620758,0.678603407862878
"440070033004",715,2,37,46,98,0,463,16,53,0.577565968635553,0.523452816453877
"440070034001",1112,1,54,17,40,0,950,0,50,0.645386996904025,0.800963621494096
"440070034002",1147,0,45,13,34,0,1013,8,34,0.641658440276407,0.79152184313728
"440070034003",863,0,63,18,35,0,694,14,39,0.671469740634006,0.754466396487673
"440070034004",1733,0,95,32,119,0,1389,14,84,0.628059755219582,0.764690534120865
"440070035001",990,2,116,18,52,1,748,11,42,0.731283422459893,0.636354755487818
"440070035002",1429,2,239,61,83,0,972,5,67,0.473925656075019,0.625719284084586
"440070035003",953,0,205,44,49,0,590,11,54,0.472727272727273,0.566295145834899
"440070035004",1487,1,124,25,73,3,1188,16,57,0.603063973063973,0.777689658871045
"440070036011",1728,10,480,92,156,1,864,12,113,0.333081723027375,0.477139221770341
"440070036012",570,0,167,7,20,1,354,0,21,0.638418079096045,0.620952884324977
"440070036013",945,1,189,44,86,0,556,8,61,0.378678875081753,0.547552065680978
"440070036021",2200,7,513,178,190,0,1142,34,136,0.105393651980558,0.510785871195522
"440070036022",916,0,77,32,36,0,725,10,36,0.449784482758621,0.722347999980789
"440070036023",4359,7,758,247,595,8,2494,44,206,0.187567571077469,0.585568897918628
"440070037001",802,2,73,26,60,0,573,9,59,0.544368371593502,0.614454129499493
"440070037002",1009,3,134,60,90,0,647,15,60,0.430808861411643,0.627954685127784
"440070037003",1188,8,179,26,80,0,776,10,109,0.586736716891356,0.665244440475095
"440070037004",652,0,65,26,44,0,487,5,25,0.489022271363134,0.682296634470511
"440070101011",760,4,7,38,57,0,582,8,64,0.645595948634473,0.62937678141432
"440070101012",672,0,11,12,31,0,596,3,19,0.597874720357942,0.804925042555927
"440070101013",1224,1,14,55,72,0,986,30,66,0.453936935275678,0.715813453844603
"440070101014",1218,3,21,60,124,0,877,31,102,0.474686431014823,0.669614430594039
"440070101021",734,1,6,18,59,0,595,9,46,0.57796451914099,0.814021086579781
"440070101022",800,4,9,21,17,0,704,14,31,0.592938311688312,0.844650327983438
"440070101023",1024,0,15,22,32,0,878,6,71,0.647028370262994,0.820119947560152
"440070101024",913,4,23,25,27,0,799,10,25,0.355444305381727,0.853596016910674
"440070102001",773,11,12,38,55,0,567,24,66,0.403369534948482,0.661786271272077
"440070102002",761,4,11,37,73,0,517,39,80,0.418370014114695,0.631052156337595
"440070102003",948,5,2,47,106,0,689,22,77,0.323811876601921,0.703671828514944
"440070102004",852,2,24,56,93,1,541,30,105,0.291556641140745,0.637420927912823
"440070102005",1426,2,12,93,125,0,1007,74,113,0.346531270354828,0.646802915280938
"440070102006",1842,13,22,179,170,0,1177,87,194,0.276505460810792,0.591803738335286
"440070103001",1757,10,12,116,107,0,1318,57,137,0.422923970488201,0.681198977688656
"440070103002",1294,7,19,92,101,0,849,58,168,0.534990013827009,0.516225859750971
"440070103003",1101,12,20,126,83,0,656,47,157,0.346593108788231,0.566820611178529
"440070104001",688,1,10,29,61,0,492,19,76,0.47995514437903,0.67418995085472
"440070104002",1701,5,138,205,153,0,1027,63,110,0.42113187831002,0.485432932347746
"440070104003",2030,2,32,74,162,0,1539,44,177,0.622104560701052,0.599529385533929
"440070104004",1419,0,13,60,116,0,1002,53,175,0.523652694610778,0.618905852711675
"440070104005",877,0,7,50,82,0,582,47,109,0.493264604810997,0.621873027483735
"440070105011",1727,8,26,148,365,0,1001,42,137,0.526730026730027,0.425304153769217
"440070105012",1491,3,15,70,139,0,1090,42,132,0.482306684141547,0.704803471395863
"440070105013",1397,2,43,41,73,0,1120,58,60,0.531337108013937,0.775115403062913
"440070105021",1399,2,35,74,70,3,1074,28,113,0.59388997936484,0.659930355145312
"440070105022",668,3,20,39,44,0,498,12,52,0.398671609514983,0.689131981375298
"440070105023",1881,14,63,87,91,0,1490,39,97,0.351654709557973,0.763342820396667
"440070105024",1030,4,167,56,79,0,638,23,63,0.312024182713838,0.56556157886269
"440070106001",1015,1,3,31,26,0,899,6,49,0.649610678531702,0.857520601471962
"440070106002",1942,6,29,73,99,1,1625,16,93,0.603667017913593,0.768211621176603
"440070106003",520,0,8,15,42,0,411,3,41,0.639902676399027,0.806520681265207
"440070106004",926,2,16,46,52,0,747,9,54,0.687765554973517,0.700438019698287
"440070106005",752,2,20,8,35,0,620,9,58,0.795161290322581,0.796326754385965
"440070106006",1052,2,36,87,117,0,710,22,78,0.545394204306298,0.486738139038215
"440070107011",1752,1,19,48,44,0,1551,23,66,0.555004835589942,0.818840438749156
"440070107012",597,0,3,5,19,0,535,6,29,0.730841121495327,0.841482238691541
"440070107021",694,0,8,6,31,0,612,14,23,0.802287581699346,0.865888352120236
"440070107022",794,1,4,6,22,0,723,3,35,0.930843706777317,0.845959595959596
"440070107023",1199,0,8,25,21,0,1055,23,67,0.685118483412322,0.754732527924121
"440070107024",1489,5,21,32,53,0,1285,12,81,0.593531128404669,0.779906659420381
"440070108001",1584,8,36,135,738,0,498,31,138,0.249933065595716,0.393731447747269
"440070108002",2806,6,14,199,1878,4,450,67,188,0.336247906197655,0.146764421369819
"440070108003",1125,4,10,77,664,0,274,24,72,0.489619869181913,0.183792604050704
"440070109001",1540,2,3,180,745,0,525,37,48,0.408888888888889,0.362339880388261
"440070109002",1576,2,7,111,886,0,385,44,141,0.291423891423891,0.240651375794964
"440070109003",1507,4,9,63,1054,0,236,55,86,0.438861985472155,0.133278517377965
"440070109004",1086,0,1,70,804,1,138,20,52,0.172463768115942,0.135222908969189
"440070110001",1318,1,4,80,765,0,318,34,116,0.306525157232704,0.27524092246024
"440070110002",2494,0,8,64,1793,2,423,66,138,0.452238475177305,0.154196581806353
"440070110003",2577,4,9,146,1875,0,271,62,210,0.421801546782591,0.104454926911569
"440070111001",1621,0,11,84,1106,0,244,69,107,0.339383294301327,0.177802152197538
"440070111002",3349,3,9,128,2444,0,384,179,202,0.385416666666667,0.111104171992542
"440070112001",1086,0,17,24,109,0,883,9,44,0.657984144960362,0.775906454766449
"440070112002",1836,6,21,68,354,0,1238,35,114,0.635346384110995,0.591384154768094
"440070112003",821,3,8,38,262,0,449,15,46,0.459266205603095,0.485206256818789
"440070112004",1023,6,7,43,222,0,676,14,55,0.460988028072107,0.540202952486537
"440070112005",1217,5,13,57,258,0,818,16,50,0.333483464161627,0.628904424987547
"440070113011",1535,1,17,33,123,0,1305,11,45,0.564193660745385,0.765954098408396
"440070113012",1809,1,70,79,307,0,1277,19,56,0.56450541716642,0.570239242392181
"440070113013",1638,2,13,36,101,2,1420,8,56,0.712206572769953,0.739026397027472
"440070113021",1206,0,12,11,55,0,1081,15,32,0.569842738205365,0.899333203827763
"440070113022",1674,0,36,9,71,0,1479,21,58,0.843137254901961,0.876208070821203
"440070113023",1317,1,39,24,64,0,1130,13,46,0.634439528023599,0.788871256058756
"440070114021",2051,3,146,36,76,1,1735,1,53,0.773951328850464,0.63060982080673
"440070114022",2669,1,65,19,79,0,2402,3,100,0.784762697751873,0.781886054140101
"440070114031",844,0,26,13,23,0,743,0,39,0.558132311833523,0.817645155208414
"440070114032",1705,0,105,32,49,0,1471,2,46,0.607792318150918,0.800596765886799
"440070114033",1913,0,73,18,82,0,1692,7,41,0.712765957446808,0.848688125932973
"440070114034",1484,4,152,24,61,0,1182,10,51,0.517978003384095,0.754542502993772
"440070114035",1402,2,64,30,118,0,1128,5,55,0.706560283687943,0.626190465451895
"440070114041",1576,0,22,7,39,0,1449,5,54,0.921325051759834,0.826753246753247
"440070114042",1879,0,74,13,42,0,1654,7,89,0.786577992744861,0.70823872940152
"440070114043",1117,2,76,6,55,0,935,10,33,0.838502673796791,0.868181818181818
"440070114051",682,1,15,7,30,0,593,4,32,0.717176583955673,0.874002524559574
"440070114052",1252,4,39,16,44,1,1074,21,53,0.669343575418994,0.784202161975777
"440070114053",961,0,29,0,10,0,894,0,28,NA,0
"440070114054",1708,0,320,34,58,2,1211,8,75,0.473599844562102,0.639395352727964
"440070115001",2047,7,173,15,65,0,1709,13,65,0.596879266627657,0.770898208145546
"440070115002",1236,0,24,62,101,1,971,6,71,0.459353509850171,0.73033238870299
"440070115003",2130,0,78,37,101,1,1817,12,84,0.535810438947478,0.779842697288633
"440070115004",1329,0,19,62,156,0,991,12,89,0.565150873994987,0.617615835570589
"440070116001",978,1,48,7,41,0,834,7,40,0.836930455635492,0.809300951149691
"440070116002",1585,1,90,28,71,0,1332,2,61,0.69004719004719,0.705703359028809
"440070116003",964,2,45,10,33,0,822,11,41,0.911192214111922,0.425601604278075
"440070116004",1041,1,25,3,43,0,918,6,45,0.973856209150327,0.717391304347826
"440070116005",1896,1,155,40,76,0,1551,14,59,0.532366215344939,0.70710720122316
"440070117011",2116,6,55,41,154,0,1738,28,94,0.659504897695697,0.793537399704582
"440070117012",1703,0,68,30,191,0,1314,27,73,0.6220700152207,0.769478984097054
"440070117013",999,1,25,13,32,0,870,9,49,0.741379310344828,0.804724137749577
"440070117021",1273,3,26,54,180,0,930,19,61,0.488769414575866,0.668562390608033
"440070117022",1472,2,56,29,149,0,1151,9,76,0.447976272506666,0.758955913588468
"440070117023",1760,5,28,27,109,0,1486,10,95,0.693783958925278,0.680559681343378
"440070118001",2248,11,55,252,398,3,1356,47,126,0.479070094114342,0.43878833964805
"440070118002",1612,6,27,208,357,0,884,42,88,0.423642533936652,0.446195112464133
"440070118003",981,1,23,142,193,0,543,15,64,0.270796047000233,0.491915228124803
"440070118004",2304,3,77,99,379,1,1597,38,110,0.504089106468568,0.661879760624885
"440070119011",2062,2,52,225,342,0,1330,23,88,0.415856307435255,0.591107892161576
"440070119012",1216,1,41,97,170,0,862,6,39,0.552646685961681,0.58237716750067
"440070119021",2251,4,132,133,182,0,1679,26,95,0.388200996833955,0.667294355645066
"440070119022",1143,0,41,30,50,0,973,12,37,0.444261733470367,0.835507146980864
"440070119023",1636,2,76,86,179,0,1217,14,62,0.557661806577363,0.592698367611869
"440070120001",1371,0,20,100,165,0,1026,18,42,0.485438596491228,0.642198610620677
"440070120002",1823,2,73,162,218,0,1287,14,67,0.496762496762497,0.60242259155733
"440070120003",936,0,21,52,115,0,687,13,48,0.437129100884559,0.711337001235079
"440070120004",916,5,2,47,129,0,695,12,26,0.282902188887188,0.737690086124917
"440070120005",1247,1,18,86,154,0,928,8,52,0.440832999198075,0.690261932098148
"440070121021",1911,1,34,145,363,0,1283,27,58,0.319402263015024,0.658567774104062
"440070121022",1498,6,55,167,322,1,872,6,69,0.349166346206669,0.530719923406101
"440070121023",1529,9,25,89,278,1,1033,11,83,0.304665151136104,0.664337122184458
"440070121031",1874,4,78,144,180,3,1373,13,79,0.288373998543336,0.705017969603334
"440070121032",1113,0,96,81,120,0,748,18,50,0.423186109460619,0.599615108356858
"440070121041",1278,4,24,99,229,0,833,13,76,0.324942098051342,0.606963638087501
"440070121042",1452,7,30,87,210,0,1028,14,76,0.313218390804598,0.684106133900963
"440070121043",1713,4,63,120,200,0,1240,9,77,0.534139784946236,0.603301825634443
"440070122001",1464,0,86,53,143,0,1143,2,37,0.372472308885918,0.776473600178674
"440070122002",2448,0,54,41,199,0,2063,10,81,0.734060035704574,0.770640945950941
"440070122003",728,0,13,18,69,0,607,3,18,0.654493867838184,0.792902037951543
"440070122004",2805,4,44,50,190,0,2421,19,77,0.788104089219331,0.681481372027995
"440070123001",1407,1,12,50,205,0,1076,6,57,0.599330855018587,0.734871862470234
"440070123002",2613,0,60,78,327,0,2041,20,87,0.606892046382492,0.650259183724473
"440070123003",2786,0,69,94,240,3,2313,6,61,0.634057271113319,0.701931217054911
"440070124011",901,3,48,31,237,0,530,6,46,0.42757151552039,0.575006535292687
"440070124012",1037,1,17,40,220,2,724,8,25,0.61671270718232,0.630808786465036
"440070124013",1075,0,33,57,184,0,759,3,39,0.49913320851536,0.667661790380273
"440070124014",1850,6,50,69,291,2,1375,7,50,0.509723320158103,0.66140851189719
"440070124015",2420,1,115,76,282,0,1868,13,65,0.528259889552575,0.671856667661281
"440070124021",1182,0,56,35,216,0,821,2,52,0.578214720723856,0.679438726711909
"440070124022",1454,3,49,40,173,0,1140,6,43,0.678508771929825,0.68664526315458
"440070125001",2113,4,66,121,457,0,1365,11,89,0.396094814276632,0.573359940580339
"440070125002",2426,4,88,84,323,0,1842,7,78,0.478323251124554,0.704645099627321
"440070125003",859,0,20,12,88,0,701,3,35,0.61566809320019,0.568950617283951
"440070126011",3540,0,1369,117,79,2,1751,72,150,0.435057866811151,0.402472408762526
"440070126012",976,2,20,14,51,2,855,3,29,0.804678362573099,0.65808007985803
"440070126021",1128,1,17,7,28,0,1018,2,55,0.921414538310413,0.664591479019164
"440070126022",1286,7,28,21,86,0,1069,6,69,0.598957637311239,0.78164548260928
"440070126023",2263,4,20,12,122,0,2018,19,68,0.846382556987116,0.703469079206586
"440070126024",2792,0,34,27,96,0,2543,10,82,0.658845632892035,0.856109817596518
"440070127011",952,6,15,10,27,0,870,2,22,0.520689655172414,0.841554402115749
"440070127012",1481,1,27,4,66,0,1344,7,32,0.790922619047619,0.828908554572271
"440070127013",3130,0,41,26,119,0,2878,9,57,0.715079916608756,0.84959953203932
"440070127021",2300,2,37,14,57,0,2127,12,51,0.842501175364363,0.892942384389218
"440070127022",1037,0,28,5,48,0,931,6,19,0.821697099892589,0.77156462585034
"440070127023",1233,1,23,9,46,0,1118,2,34,0.891771019677996,0.866378641852221
"440070128011",1229,0,16,17,42,0,1092,7,55,0.608974358974359,0.81778182076151
"440070128012",1623,0,12,22,51,1,1493,4,40,0.536381903428119,0.82897067293489
"440070128013",2392,1,26,31,149,0,2093,12,80,0.498281522124439,0.780159274781791
"440070128021",965,0,6,12,53,0,870,4,20,0.723563218390805,0.878927902431423
"440070128022",1429,0,18,15,60,0,1305,6,25,0.704980842911877,0.785863044721041
"440070128031",1844,3,35,20,64,0,1667,2,53,0.579064187162567,0.851304187458724
"440070128032",1474,0,28,4,43,0,1350,8,41,0.836296296296296,0.858623548922056
"440070128033",1632,1,23,11,72,0,1474,17,34,0.690637720488467,0.866136510972263
"440070129001",1640,1,8,8,62,0,1495,11,55,0.821404682274247,0.876367283150405
"440070129002",1468,4,7,6,51,0,1342,0,58,0.72876304023845,0.877426393679456
"440070129003",857,0,0,14,37,2,764,0,40,0.718586387434555,0.758762866023719
"440070129004",989,2,0,2,34,0,913,1,37,0.585980284775465,0.951164807560035
"440070130011",1431,0,9,9,42,2,1311,10,48,0.902364607170099,0.833743624703328
"440070130012",1979,0,11,8,62,0,1834,4,60,0.958015267175573,0.704233511586453
"440070130021",2908,1,16,16,86,0,2688,11,90,0.83891369047619,0.875675181981648
"440070130022",1296,3,4,10,25,0,1215,4,35,0.876131687242798,0.55649890508193
"440070130023",1844,8,12,13,114,3,1630,6,58,0.666871165644172,0.816570762761947
"440070130024",1746,0,8,7,42,0,1621,1,67,0.932140653917335,0.833147287495114
"440070131011",2293,2,14,5,48,0,2150,11,63,0.933488372093023,0.83003663003663
"440070131012",1377,1,11,1,53,0,1228,13,70,0.981270358306189,0.958333333333333
"440070131013",1010,1,7,2,26,0,928,5,41,0.8125,0.962607099143207
"440070131021",1946,0,7,5,36,0,1810,17,71,0.875690607734807,0.886297347748308
"440070131022",1553,0,4,18,39,0,1436,1,55,0.835654596100279,0.74725963275577
"440070131023",1795,0,16,12,73,0,1620,8,66,0.90679012345679,0.63358011357253
"440070132011",742,0,5,3,15,0,697,4,18,0.923959827833572,0.493710691823899
"440070132012",1179,0,10,4,46,0,1080,6,33,0.788888888888889,0.880889958979847
"440070132013",1603,0,19,13,42,0,1465,8,56,0.733105802047782,0.852588062464035
"440070132014",1037,1,6,5,31,0,957,1,36,0.934169278996865,0.845196324143693
"440070132021",1757,1,9,11,41,0,1635,3,57,0.922935779816514,0.759150619495447
"440070132022",1922,1,31,7,51,0,1776,7,49,0.867117117117117,0.863441558441558
"440070132023",2144,4,11,19,71,0,1970,7,62,0.722495324605931,0.838351647892373
"440070133001",1330,3,8,4,31,0,1239,8,37,0.937853107344633,0.8750513136289
"440070133002",1181,4,13,10,14,0,1097,7,36,0.886052871467639,0.870674096018924
"440070133003",981,0,3,8,33,0,891,2,44,0.75645342312009,0.849070159145251
"440070133004",977,0,9,2,13,0,928,0,25,0.994612068965517,0.555555555555556
"440070134001",1036,2,28,17,114,1,816,6,52,0.707107843137255,0.73744464474664
"440070134002",1398,6,47,74,185,2,990,9,85,0.435544635544636,0.643332488745078
"440070134003",1558,2,30,42,79,0,1343,2,60,0.669503244335709,0.732801139819815
"440070135001",1377,0,198,84,362,3,646,36,48,0.320138581748489,0.454765612041631
"440070135002",729,4,65,69,240,0,311,6,34,0.288829861596533,0.423254137484715
"440070135003",791,0,45,49,141,0,517,1,38,0.288003789523546,0.673450392367727
"440070135004",863,5,47,79,269,1,423,4,35,0.482060029326391,0.378929149861141
"440070135005",1618,7,109,126,415,0,870,12,79,0.282047071702244,0.534135071216967
"440070136001",1097,0,42,69,211,0,715,15,45,0.521191851626634,0.592241402756836
"440070136002",732,3,109,50,201,0,303,7,59,0.449372937293729,0.424951874182481
"440070136003",1239,2,106,76,317,0,671,8,59,0.410757706486783,0.48887033197991
"440070137011",993,3,77,83,265,0,511,6,48,0.489896965553014,0.457990507146744
"440070137012",1134,1,111,84,351,0,537,17,33,0.498337323756318,0.390674418295413
"440070137013",1061,1,106,82,244,0,572,11,45,0.416638239808972,0.489950071919977
"440070137014",1304,4,175,66,334,0,646,6,73,0.528379772961816,0.436262458710039
"440070137021",913,6,93,25,184,0,546,14,45,0.624175824175824,0.573348942049575
"440070137022",981,1,103,62,132,0,625,7,51,0.368567741935484,0.585361522620809
"440070137023",957,2,30,73,202,1,590,16,43,0.390573485024379,0.567838204658413
"440070138001",1017,6,31,27,116,0,776,11,50,0.743556701030928,0.650723258764194
"440070138002",1002,1,74,12,161,0,728,7,19,0.792582417582418,0.748798426316575
"440070138003",1375,10,126,111,253,0,787,2,86,0.469349908994128,0.502980844735241
"440070138004",1556,6,116,61,186,0,1100,8,79,0.480730253353204,0.679960358653155
"440070139001",849,3,59,8,73,0,682,0,24,0.756598240469208,0.748048834708211
"440070139002",963,1,81,20,105,0,727,1,28,0.649656121045392,0.652583074658372
"440070139003",1354,0,71,25,184,1,1032,6,35,0.538759689922481,0.691191216859031
"440070140001",1145,5,109,89,286,0,611,6,39,0.527611761893378,0.440262197972611
"440070140002",1495,5,205,100,340,0,758,15,72,0.53664907651715,0.434490625548232
"440070140003",1804,10,219,75,452,0,978,9,61,0.491124744376278,0.526722895692668
"440070140004",703,1,58,15,122,0,470,10,27,0.607801418439716,0.73955234198914
"440070140005",835,1,90,29,140,0,534,5,36,0.522794782384089,0.706433978132885
"440070141001",1996,4,190,136,1199,0,420,5,42,0.423459383753501,0.206568795859434
"440070141002",1097,2,123,119,276,0,512,7,58,0.316668855042017,0.442995808153351
"440070141003",2211,7,237,144,1043,0,696,22,62,0.506465517241379,0.263590502501826
"440070142001",1276,0,106,14,103,0,1014,1,38,0.813609467455621,0.615986205163824
"440070142002",3481,31,93,718,833,2,1746,14,44,0.396921574821239,0.399247289651954
"440070143001",1577,0,143,42,150,2,1190,7,43,0.62156862745098,0.700326801026713
"440070143002",1274,2,60,24,70,2,1084,3,29,0.671586715867159,0.833646569288984
"440070143003",2133,0,212,53,162,1,1632,2,71,0.685788938216796,0.638437129544953
"440070144001",1738,3,81,11,115,1,1492,1,34,0.768096514745308,0.744901680419651
"440070144002",927,1,34,23,60,0,788,3,18,0.579563010372986,0.78740442215185
"440070144003",1194,6,33,15,89,1,1015,5,30,0.664039408866995,0.878593638686931
"440070145011",1176,2,44,23,46,0,1045,3,13,0.569918868317038,0.719115782459908
"440070145012",1958,4,50,38,68,0,1734,8,56,0.695349966612032,0.800438567389209
"440070145013",2000,2,88,14,63,0,1772,8,53,0.740406320541761,0.837435664694464
"440070145021",1567,1,25,21,116,0,1347,3,54,0.618199172764874,0.730425318103198
"440070145022",1668,4,45,52,124,0,1357,14,72,0.703616575024092,0.733772083722206
"440070145023",1034,0,14,24,100,0,834,7,55,0.581534772182254,0.778651751481737
"440070146001",2865,0,172,33,173,0,2388,14,85,0.732259783767321,0.771804523561406
"440070146002",2081,3,176,31,99,0,1691,21,60,0.721085061330383,0.667074996974909
"440070146003",1044,2,49,12,47,0,884,9,41,0.652714932126697,0.810521030117473
"440070146004",1180,3,24,12,42,0,1059,2,38,0.767705382436261,0.86051838605269
"440070147001",1848,1,132,118,951,0,570,22,54,0.332946773713946,0.318614866443116
"440070147002",1755,6,146,117,748,1,664,20,53,0.480679126763464,0.339596443369762
"440070147003",1142,8,109,88,478,1,407,10,41,0.429668304668305,0.341530816766526
"440070147004",992,0,63,60,218,0,605,8,38,0.549586776859504,0.511525231550259
"440070147005",701,4,33,25,72,0,538,1,28,0.350334572490706,0.741280022396958
"440070147006",1395,5,44,144,376,0,735,3,88,0.545124716553288,0.375937738166269
"440070148001",2097,6,65,57,324,0,1576,7,62,0.72021106064654,0.644609466924057
"440070148002",2085,3,236,51,146,0,1586,14,49,0.567848577009618,0.647738430445104
"440070148003",1563,4,106,47,112,2,1258,2,32,0.474275276528093,0.748286849181065
"440070150001",2194,2,24,310,618,1,812,123,304,0.420983632607659,0.318363024405181
"440070150002",2379,1,28,280,566,1,1067,165,271,0.424812558575445,0.375697461295682
"440070151001",2069,8,8,219,861,0,473,168,332,0.351993976078079,0.220790961683248
"440070151002",1527,11,18,295,488,0,268,146,301,0.379458639008348,0.159589736415553
"440070151003",1206,2,0,141,374,0,244,120,325,0.33879781420765,0.192850244505277
"440070152001",755,15,33,101,224,0,239,51,92,0.423754090890261,0.291130042545425
"440070152002",1017,7,18,156,417,0,308,29,82,0.307109557109557,0.296097677369422
"440070152003",1274,16,12,162,467,0,468,37,112,0.461538461538462,0.282309649647675
"440070153001",1304,2,11,186,505,0,387,39,174,0.287530215887305,0.276949583006006
"440070153002",1012,4,9,136,344,2,364,39,114,0.319812540400776,0.308491669050918
"440070154001",864,0,4,157,303,0,226,48,126,0.429992672340905,0.211423494209877
"440070154002",1517,3,15,260,504,0,415,52,268,0.224467099165894,0.262250148758306
"440070155001",1056,3,14,80,198,0,656,33,72,0.309756097560976,0.604606816469813
"440070155002",1047,4,27,116,271,0,449,46,134,0.45465018047769,0.363973452477921
"440070155003",1595,0,7,230,573,0,492,53,240,0.274655355249205,0.295634354864884
"440070155004",823,1,8,115,174,0,379,45,101,0.25208213835035,0.442480830749534
"440070156001",778,10,6,81,189,0,398,21,73,0.220857373286184,0.519145720997183
"440070156002",714,2,13,51,245,0,337,14,52,0.310059929016117,0.481258095578624
"440070156003",1141,0,11,116,243,1,669,29,72,0.269522189577857,0.563814735552494
"440070157001",776,0,10,25,71,0,628,7,35,0.558535031847134,0.751903542979153
"440070157002",1255,0,9,48,261,0,826,28,83,0.463125504439064,0.61995763309702
"440070157003",1148,0,15,64,182,0,778,15,94,0.580454691516709,0.615558728739358
"440070157004",574,0,19,30,106,0,351,23,45,0.534188034188034,0.525983422821491
"440070158001",798,0,6,22,111,2,595,22,40,0.470359052711994,0.688628202202299
"440070158002",737,0,13,36,117,1,492,22,56,0.362466124661247,0.555292661354515
"440070158003",656,0,2,37,109,0,451,15,42,0.292083657937316,0.683055176538396
"440070158004",729,0,6,26,139,3,488,10,57,0.478877679697352,0.648565912866422
"440070158005",854,4,16,54,167,3,524,27,59,0.338422391857506,0.59056642133754
"440070159001",844,2,13,82,159,0,533,14,41,0.290806754221388,0.622912066353355
"440070159002",706,3,4,53,124,0,434,16,72,0.405486479436571,0.551359243433059
"440070159003",785,0,1,38,162,0,478,23,83,0.399141158335168,0.584439288878042
"440070159004",1022,2,21,127,212,0,579,23,58,0.215712673221547,0.546674396610289
"440070160001",838,10,8,78,239,0,419,25,59,0.564194357750444,0.3656553781715
"440070160002",1008,5,9,252,241,0,419,22,60,0.452646134030382,0.328388422832678
"440070160003",1677,1,24,424,406,4,543,77,198,0.163270092775982,0.313599535197775
"440070161001",1092,1,26,226,292,0,423,20,104,0.470585158685328,0.307326780579477
"440070161002",834,5,22,188,272,3,130,57,157,0.35,0.141172596132355
"440070161003",1542,9,7,363,402,2,275,104,380,0.367933884297521,0.159479229818661
"440070161004",1550,4,20,235,514,0,306,124,347,0.339285217633153,0.170656383642207
"440070163001",1162,1,27,139,258,0,549,58,130,0.336098334447196,0.440704281425563
"440070163002",1124,2,22,159,217,0,541,67,116,0.40430602541299,0.420825673192373
"440070163003",615,1,4,96,120,1,315,28,50,0.37281746031746,0.445776706741707
"440070164001",1559,1,20,253,348,1,504,115,317,0.460913482652613,0.240538604194201
"440070164002",1058,0,23,202,265,1,235,65,267,0.510006319780914,0.175621497933316
"440070164003",1303,2,9,340,362,0,245,79,266,0.300660264105642,0.193314013896532
"440070164004",1260,4,15,249,309,0,247,95,341,0.330764352958392,0.175312651642596
"440070165001",1276,0,35,43,91,0,1007,13,87,0.665088566083924,0.658667512413031
"440070165002",1516,9,103,109,176,0,916,45,158,0.409558911902568,0.549442944869049
"440070165003",1186,3,53,105,204,0,617,69,135,0.490236937562707,0.394944912680068
"440070166001",1787,3,34,257,480,0,678,90,245,0.485681163412646,0.282545727140687
"440070167001",1464,4,6,195,423,0,669,30,137,0.428584569391744,0.369964183995436
"440070167002",1956,6,20,279,469,1,829,106,246,0.295614615354683,0.395089491198371
"440070168001",996,2,21,60,177,0,650,20,66,0.515128205128205,0.560987064987673
"440070168002",738,1,6,56,125,0,485,12,53,0.516273932253314,0.562321630955018
"440070168003",1359,2,5,85,271,0,871,17,108,0.447234416154522,0.591713247199799
"440070169001",576,0,7,24,69,0,451,4,21,0.442165558019217,0.788012762786516
"440070169002",688,0,8,24,72,0,541,19,24,0.5318853974122,0.675698706037153
"440070169003",654,0,0,33,75,0,494,18,34,0.409520304257146,0.686544575818393
"440070170001",852,1,12,53,184,2,523,11,66,0.462318265449692,0.605238488148664
"440070170002",651,3,12,45,130,2,419,20,20,0.459453725802174,0.592249373444315
"440070170003",856,0,9,62,130,3,598,7,47,0.425072823389794,0.687027033633283
"440070170004",703,5,18,49,123,1,436,13,58,0.431286275978281,0.545628720257039
"440070170005",1573,9,25,102,254,0,1068,28,87,0.323309098920467,0.679877501566409
"440070171001",840,1,12,150,140,0,416,35,86,0.35525641025641,0.458480722302787
"440070171002",863,3,11,63,187,1,495,42,61,0.395093795093795,0.507886614374488
"440070171003",2535,8,20,243,1028,0,965,71,200,0.473204119490821,0.319221449954554
"440070171004",757,1,36,66,190,0,340,28,96,0.467736185383244,0.376624323265349
"440070173001",986,2,37,43,97,0,758,8,41,0.469810394551144,0.748805768094939
"440070173002",1507,4,66,89,229,0,1012,8,99,0.436492427943332,0.598151197550967
"440070173003",674,0,17,61,82,0,458,7,49,0.467034147039874,0.587357020112185
"440070174001",1515,8,83,129,390,1,834,9,61,0.435614299258268,0.450024824059493
"440070174002",1086,2,85,85,312,0,532,14,56,0.272578505086245,0.469049479327789
"440070174003",1703,2,101,132,807,0,571,13,77,0.369765960834262,0.316203703162983
"440070175001",1067,0,32,67,126,1,773,7,61,0.473981965978645,0.665793811401656
"440070175002",1156,7,68,55,212,0,759,5,50,0.419235836627141,0.584292093829457
"440070175003",1096,0,56,72,156,0,747,8,57,0.269745649263722,0.634359090896162
"440070176001",1262,4,84,205,470,0,402,11,86,0.330020628564495,0.284541849720952
"440070176002",1459,2,56,181,249,0,860,8,103,0.26853398432481,0.536749312432444
"440070177001",1136,6,60,19,119,0,860,10,62,0.735434516523868,0.6299353920728
"440070177002",1330,1,59,77,151,0,968,6,68,0.419273907910272,0.626575837689584
"440070177003",1171,1,53,43,122,4,892,15,41,0.399415997497132,0.715700117914747
"440070178001",892,10,52,73,118,0,569,6,64,0.351734598069191,0.609315945780402
"440070178002",858,3,34,84,163,0,534,4,36,0.230069555912253,0.594911782246585
"440070178003",870,1,39,82,257,0,437,3,51,0.301417648043757,0.470925280299283
"440070179001",715,3,19,46,152,3,433,5,54,0.36027713625866,0.613808003928244
"440070179002",1537,9,61,166,347,4,837,30,83,0.287162988873055,0.53906936656652
"440070179003",1304,7,23,130,249,0,794,7,94,0.231583026545243,0.612534339472119
"440070180001",1144,3,47,63,244,0,695,19,73,0.383304784743634,0.514608297934027
"440070180002",1002,1,34,64,231,0,590,13,69,0.446822033898305,0.51866357344851
"440070180003",723,5,16,85,186,1,396,3,31,0.370944741532977,0.418561357434465
"440070181001",840,0,35,74,201,0,478,8,44,0.339307927174036,0.52231087012833
"440070181002",2121,13,126,149,545,0,1140,12,136,0.385847168256211,0.496014069823442
"440070182001",1560,2,298,84,237,0,852,15,72,0.195003353454058,0.545908138537169
"440070182002",1359,8,76,113,415,0,633,18,96,0.325308616085783,0.456973874087708
"440070183001",1842,5,126,145,512,3,936,29,86,0.203440907751253,0.516357305457879
"440070184001",977,1,65,24,113,0,705,11,58,0.689716312056738,0.678432794057794
"440070184002",1160,0,201,15,146,0,741,8,49,0.625910931174089,0.595852908688855
"440070184003",2037,4,130,121,624,0,1026,18,114,0.525478066147923,0.414638597300765
"440070184004",2337,15,121,104,538,0,1471,2,86,0.531101291638341,0.452651916082008
"440070185001",790,1,46,30,69,0,588,4,52,0.437414965986395,0.772916526308709
"440070185002",2024,7,59,82,217,1,1524,16,118,0.340199090967288,0.707677211270615
"440090415001",1278,0,4,17,62,0,1151,8,36,0.825369244135534,0.583268058354564
"440090415002",132,1,1,0,4,0,120,0,6,NA,0
"440090501021",1175,2,22,9,29,3,1073,5,32,0.817334575955266,0.831215684076381
"440090501022",1290,9,50,11,49,1,1117,8,45,0.754700089525515,0.761823413967342
"440090501031",1535,3,24,32,90,1,1274,9,102,0.517415620094192,0.759975310086288
"440090501032",974,34,75,67,134,0,582,13,69,0.623301020669847,0.413387886727684
"440090501033",1476,17,18,45,83,3,1230,5,75,0.289972899728997,0.814909805072412
"440090501034",1973,13,50,28,82,0,1711,3,86,0.70426651081239,0.792354115694867
"440090501041",3942,0,52,22,123,0,3617,1,127,0.817804810616533,0.902604248133661
"440090503011",2100,3,52,20,47,4,1901,8,65,0.772198842714361,0.80752016109159
"440090503012",2752,2,51,25,55,0,2508,11,100,0.742966507177033,0.818526328154919
"440090503021",1055,4,20,2,23,0,967,3,36,0.918304033092037,0.89781746031746
"440090503022",830,8,11,10,10,0,764,7,20,0.698952879581152,0.839029939029939
"440090503023",978,11,2,16,66,0,829,5,49,0.680337756332931,0.734968731774671
"440090504011",1665,8,27,6,62,0,1504,3,55,0.89561170212766,0.841186745961853
"440090504012",3184,16,53,21,91,1,2881,6,115,0.847209137039057,0.493251896749287
"440090504021",1078,2,8,5,15,2,1015,0,31,0.929064039408867,0.714011437908497
"440090504022",1725,6,12,11,53,0,1597,3,43,0.942391984971822,0.671702741702742
"440090505001",2662,7,32,17,59,1,2420,17,109,0.880578512396694,0.658195010649239
"440090505002",1040,9,6,4,32,0,941,11,37,0.853347502656748,0.695
"440090505003",2758,5,32,5,97,0,2533,5,81,0.970785629688117,0.449271012006861
"440090506001",1454,11,19,5,22,0,1336,8,53,0.925898203592814,0.843657862407862
"440090506002",2541,23,5,3,50,0,2362,16,82,0.943268416596105,0.826172839506173
"440090506003",1891,3,25,13,54,1,1708,10,77,0.905152224824356,0.839357531665224
"440090506004",2134,6,23,23,42,2,1936,11,91,0.810860582105641,0.679837637227449
"440090507011",2185,13,16,15,54,0,1996,14,77,0.721943887775551,0.911103093786665
"440090507012",1042,1,8,4,30,0,982,1,16,0.95213849287169,0.864718614718615
"440090507013",939,6,6,3,26,0,853,1,44,0.939038686987104,0.70014245014245
"440090507021",982,3,7,3,32,0,906,0,31,0.934878587196468,0.810754604872252
"440090507022",1129,18,2,2,32,0,1035,7,33,0.857004830917874,0.924225457260172
"440090507023",962,14,6,0,13,0,882,1,46,NA,0
"440090507024",1159,7,9,4,27,0,1075,6,31,0.911627906976744,0.461237980769231
"440090508011",1496,14,36,23,180,2,1152,11,78,0.624056461352657,0.694934458727323
"440090508012",1230,14,39,8,113,0,1003,2,51,0.64506480558325,0.807203848930877
"440090508013",1102,21,19,24,57,0,928,2,51,0.53448275862069,0.833001653225398
"440090508014",1263,4,36,16,113,2,1048,3,41,0.74236641221374,0.760962077138548
"440090508015",1022,21,18,31,82,0,810,5,55,0.561409796893668,0.762072012484843
"440090508021",1645,12,80,8,107,0,1386,3,49,0.9004329004329,0.802348738825032
"440090508022",2103,6,66,16,53,8,1881,6,67,0.868686868686869,0.848627663890088
"440090509011",1609,9,22,14,52,0,1437,0,75,0.71955462769659,0.868739086481022
"440090509012",2831,14,189,27,127,0,2359,3,112,0.792284866468843,0.68193943267461
"440090509013",1815,5,26,3,63,0,1672,2,44,0.903708133971292,0.92353770260747
"440090509021",1457,27,33,23,53,4,1220,3,94,0.598289379900214,0.806954389744845
"440090509022",1808,12,16,9,27,1,1663,3,77,0.89176187612748,0.753770399252918
"440090509023",2307,0,34,11,28,0,2159,12,63,0.747105141269106,0.924116443763573
"440090510001",867,3,2,2,10,0,837,3,10,0.924731182795699,0.940298507462687
"440090510002",804,2,10,2,12,0,760,1,17,0.977631578947368,0.757142857142857
"440090511011",1936,26,11,7,27,0,1778,9,78,0.847581552305962,0.695485401367754
"440090511012",1948,44,14,12,54,1,1722,12,89,0.863530778164925,0.853797380573217
"440090511013",792,7,1,4,16,0,742,3,19,0.975741239892183,0.503676470588235
"440090511021",2151,12,18,9,27,0,1997,5,83,0.86179268903355,0.739507530502154
"440090511022",1170,18,6,5,28,0,1075,2,36,0.94046511627907,0.850789473684211
"440090512011",1672,84,41,30,100,0,1308,15,94,0.591284403669725,0.770134808423724
"440090512012",2902,83,78,86,126,0,2371,15,143,0.672599138818867,0.635036118635961
"440090512021",1315,10,12,16,19,0,1192,3,63,0.775167785234899,0.831679828818415
"440090512022",901,20,14,10,31,0,763,3,60,0.622542595019659,0.789568126842877
"440090512023",979,44,20,23,54,0,773,8,57,0.706563923730244,0.734436483249783
"440090512024",1350,15,34,15,32,0,1220,1,33,0.840437158469945,0.364888740871568
"440090513021",1090,1,3,4,23,0,1030,5,24,0.968932038834951,0.808080808080808
"440090513022",1456,2,7,2,23,0,1360,6,56,0.95,0.944341372912801
"440090513023",1482,0,8,10,33,0,1368,6,57,0.851608187134503,0.842595492742552
"440090513041",2185,1,16,14,50,0,2020,5,79,0.854455445544554,0.777224327096708
"440090513051",831,3,28,3,19,0,758,1,19,0.965699208443272,0.713489409141583
"440090513052",980,3,13,6,16,0,916,1,25,0.912663755458515,0.827333421083421
"440090513053",2123,23,133,28,45,0,1807,16,71,0.82316783935489,0.620790791266233
"440090513061",2372,10,46,25,61,0,2106,19,105,0.841405508072175,0.651317057624178
"440090513062",984,0,15,11,30,0,873,14,41,0.857961053837342,0.711038961038961
"440090513063",2814,10,214,33,81,0,2344,9,123,0.657410280277175,0.748073529676576
"440090514001",6495,9,329,373,660,4,5001,5,114,0.297908782854689,0.730465257120625
"440090515021",1242,7,17,4,32,0,1163,0,19,0.942390369733448,0.883476720647773
"440090515022",678,1,9,0,18,0,636,0,14,NA,0
"440090515023",1346,4,24,9,22,0,1241,1,45,0.923448831587429,0.876452066519931
"440090515024",1854,18,15,9,35,2,1709,14,52,0.880046811000585,0.883532062479431
"440090515025",1596,6,14,5,28,0,1501,6,36,0.950033311125916,0.844926686217009
"440090515031",909,1,17,6,26,0,827,6,26,0.804111245465538,0.843879976232917
"440090515032",1239,7,18,18,18,2,1136,2,38,0.78080985915493,0.839473438975121
"440090515033",1769,8,49,15,36,0,1613,6,42,0.920024798512089,0.58973063973064
"440090515041",938,1,2,0,13,0,877,6,39,NA,0
"440090515042",1081,5,11,2,18,3,1012,8,22,0.977272727272727,0.704545454545455
"440090515043",794,2,3,2,30,0,727,5,25,0.938101788170564,0.895559210526316
"440090515044",1086,3,11,7,22,0,1002,8,33,0.906187624750499,0.810068027210884
"440099901000",0,0,0,0,0,0,0,0,0,NA,0
"440099902000",0,0,0,0,0,0,0,0,0,NA,0
